Category,Velux Code,Product Name / Description,Size Code,Price (NZD RRP inc GST)
Accessories & Controls,KIX 300,VELUX ACTIVE Starter Kit,N/A,666.0
Accessories & Controls,KLA 300,Climate Sensor,N/A,267.0
Accessories & Controls,KLF 200,Interface Unit,N/A,666.0
Accessories & Controls,KLR 300,Touchscreen Remote,N/A,267.0
Accessories & Controls,ZCT 300,Extendable Rod Control (145-285cm),N/A,92.0
Accessories & Controls,ZZZ 201B,Winder Handle (Within Arms Reach),N/A,72.0
Accessories & Controls,ZZZ 212,Winder Handle (Within Arms Reach),N/A,72.0
Blinds DFD (Manual Duo for Roof Windows),DFD CK02,DFD CK02,CK02,256.0
Blinds DFD (Manual Duo for Roof Windows),DFD CK04,DFD CK04,CK04,276.0
Blinds DFD (Manual Duo for Roof Windows),DFD MK04,DFD MK04,MK04,298.0
Blinds DFD (Manual Duo for Roof Windows),DFD MK06,DFD MK06,MK06,328.0
Blinds DFD (Manual Duo for Roof Windows),DFD MK08,DFD MK08,MK08,367.0
Blinds DFD (Manual Duo for Roof Windows),DFD SK06,DFD SK06,SK06,390.0
Blinds DFD (Manual Duo for Roof Windows),DFD SK08,DFD SK08,SK08,400.0
Flashings EDL (Slate/Shingle),EDL C01,EDL C01,C01,204.0
Flashings EDL (Slate/Shingle),EDL C04,EDL C04,C04,204.0
Flashings EDL (Slate/Shingle),EDL C08,EDL C08,C08,204.0
Flashings EDL (Slate/Shingle),EDL M02,EDL M02,M02,246.0
Flashings EDL (Slate/Shingle),EDL M04,EDL M04,M04,246.0
Flashings EDL (Slate/Shingle),EDL M06,EDL M06,M06,246.0
Flashings EDL (Slate/Shingle),EDL M08,EDL M08,M08,246.0
Flashings EDL (Slate/Shingle),EDL S01,EDL S01,S01,256.0
Flashings EDL (Slate/Shingle),EDL S06,EDL S06,S06,256.0
Flashings EDL (Slate/Shingle),EDL CK02,EDL CK02,CK02,197.0
Flashings EDL (Slate/Shingle),EDL CK04,EDL CK04,CK04,205.0
Flashings EDL (Slate/Shingle),EDL MK04,EDL MK04,MK04,236.0
Flashings EDL (Slate/Shingle),EDL MK06,EDL MK06,MK06,256.0
Flashings EDL (Slate/Shingle),EDL MK08,EDL MK08,MK08,269.0
Flashings EDL (Slate/Shingle),EDL SK06,EDL SK06,SK06,279.0
Flashings EDL (Slate/Shingle),EDL SK08,EDL SK08,SK08,292.0
Flashings EDW (Tile/Metal),EDW C01,EDW C01,C01,214.0
Flashings EDW (Tile/Metal),EDW C04,EDW C04,C04,224.0
Flashings EDW (Tile/Metal),EDW C08,EDW C08,C08,235.0
Flashings EDW (Tile/Metal),EDW M02,EDW M02,M02,235.0
Flashings EDW (Tile/Metal),EDW M04,EDW M04,M04,246.0
Flashings EDW (Tile/Metal),EDW M06,EDW M06,M06,267.0
Flashings EDW (Tile/Metal),EDW M08,EDW M08,M08,280.0
Flashings EDW (Tile/Metal),EDW S01,EDW S01,S01,280.0
Flashings EDW (Tile/Metal),EDW S06,EDW S06,S06,291.0
Flashings EDW (Tile/Metal),EDW CK02,EDW CK02,CK02,206.0
Flashings EDW (Tile/Metal),EDW CK04,EDW CK04,CK04,224.0
Flashings EDW (Tile/Metal),EDW MK04,EDW MK04,MK04,246.0
Flashings EDW (Tile/Metal),EDW MK06,EDW MK06,MK06,267.0
Flashings EDW (Tile/Metal),EDW MK08,EDW MK08,MK08,280.0
Flashings EDW (Tile/Metal),EDW SK06,EDW SK06,SK06,291.0
Flashings EDW (Tile/Metal),EDW SK08,EDW SK08,SK08,299.0
Flat Roof Fixed (FCM),FCM 1430,FCM 1430,1430,614.0
Flat Roof Fixed (FCM),FCM 2222,FCM 2222,2222,629.0
Flat Roof Fixed (FCM),FCM 2230,FCM 2230,2230,652.0
Flat Roof Fixed (FCM),FCM 2234,FCM 2234,2234,697.0
Flat Roof Fixed (FCM),FCM 2246,FCM 2246,2246,758.0
Flat Roof Fixed (FCM),FCM 2270,FCM 2270,2270,1160.0
Flat Roof Fixed (FCM),FCM 3030,FCM 3030,3030,750.0
Flat Roof Fixed (FCM),FCM 3046,FCM 3046,3046,902.0
Flat Roof Fixed (FCM),FCM 3055,FCM 3055,3055,1114.0
Flat Roof Fixed (FCM),FCM 3072,FCM 3072,3072,2054.0
Flat Roof Fixed (FCM),FCM 3434,FCM 3434,3434,766.0
Flat Roof Fixed (FCM),FCM 3446,FCM 3446,3446,978.0
Flat Roof Fixed (FCM),FCM 4646,FCM 4646,4646,1114.0
Flat Roof Fixed (FCM),FCM 4672,FCM 4672,4672,2274.0
Pitched Roof Fixed (FS),FS C01,FS C01,C01,648.0
Pitched Roof Fixed (FS),FS C04,FS C04,C04,722.0
Pitched Roof Fixed (FS),FS C08,FS C08,C08,812.0
Pitched Roof Fixed (FS),FS M02,FS M02,M02,812.0
Pitched Roof Fixed (FS),FS M04,FS M04,M04,820.0
Pitched Roof Fixed (FS),FS M06,FS M06,M06,902.0
Pitched Roof Fixed (FS),FS M08,FS M08,M08,976.0
Pitched Roof Fixed (FS),FS S01,FS S01,S01,869.0
Pitched Roof Fixed (FS),FS S06,FS S06,S06,1050.0
Blinds FSCC (Solar Honeycomb for Flat Roof),FSCC 2222,FSCC 2222,2222,711.0
Blinds FSCC (Solar Honeycomb for Flat Roof),FSCC 2230,FSCC 2230,2230,726.0
Blinds FSCC (Solar Honeycomb for Flat Roof),FSCC 2234,FSCC 2234,2234,733.0
Blinds FSCC (Solar Honeycomb for Flat Roof),FSCC 2246,FSCC 2246,2246,748.0
Blinds FSCC (Solar Honeycomb for Flat Roof),FSCC 2270,FSCC 2270,2270,800.0
Blinds FSCC (Solar Honeycomb for Flat Roof),FSCC 3030,FSCC 3030,3030,763.0
Blinds FSCC (Solar Honeycomb for Flat Roof),FSCC 3046,FSCC 3046,3046,793.0
Blinds FSCC (Solar Honeycomb for Flat Roof),FSCC 3434,FSCC 3434,3434,770.0
Blinds FSCC (Solar Honeycomb for Flat Roof),FSCC 3446,FSCC 3446,3446,808.0
Blinds FSCC (Solar Honeycomb for Flat Roof),FSCC 4622,FSCC 4622,4622,830.0
Blinds FSCC (Solar Honeycomb for Flat Roof),FSCC 4646,FSCC 4646,4646,875.0
Blinds FSCD (Solar Honeycomb for Fixed Pitched),FSCD C01,FSCD C01,C01,710.0
Blinds FSCD (Solar Honeycomb for Fixed Pitched),FSCD C04,FSCD C04,C04,718.0
Blinds FSCD (Solar Honeycomb for Fixed Pitched),FSCD C08,FSCD C08,C08,741.0
Blinds FSCD (Solar Honeycomb for Fixed Pitched),FSCD M02,FSCD M02,M02,749.0
Blinds FSCD (Solar Honeycomb for Fixed Pitched),FSCD M04,FSCD M04,M04,772.0
Blinds FSCD (Solar Honeycomb for Fixed Pitched),FSCD M06,FSCD M06,M06,780.0
Blinds FSCD (Solar Honeycomb for Fixed Pitched),FSCD M08,FSCD M08,M08,788.0
Blinds FSCD (Solar Honeycomb for Fixed Pitched),FSCD S01,FSCD S01,S01,780.0
Blinds FSCD (Solar Honeycomb for Fixed Pitched),FSCD S06,FSCD S06,S06,811.0
Blinds FSCH (Solar Honeycomb for Opening Pitched),FSCH C04,FSCH C04,C04,718.0
Blinds FSCH (Solar Honeycomb for Opening Pitched),FSCH C08,FSCH C08,C08,741.0
Blinds FSCH (Solar Honeycomb for Opening Pitched),FSCH M02,FSCH M02,M02,749.0
Blinds FSCH (Solar Honeycomb for Opening Pitched),FSCH M04,FSCH M04,M04,772.0
Blinds FSCH (Solar Honeycomb for Opening Pitched),FSCH M06,FSCH M06,M06,780.0
Blinds FSCH (Solar Honeycomb for Opening Pitched),FSCH M08,FSCH M08,M08,788.0
Blinds FSCH (Solar Honeycomb for Opening Pitched),FSCH S01,FSCH S01,S01,780.0
Blinds FSCH (Solar Honeycomb for Opening Pitched),FSCH S06,FSCH S06,S06,811.0
Blinds FSLC (Solar Pleated for Flat Roof),FSLC 2222,FSLC 2222,2222,711.0
Blinds FSLC (Solar Pleated for Flat Roof),FSLC 2230,FSLC 2230,2230,726.0
Blinds FSLC (Solar Pleated for Flat Roof),FSLC 2234,FSLC 2234,2234,733.0
Blinds FSLC (Solar Pleated for Flat Roof),FSLC 2246,FSLC 2246,2246,748.0
Blinds FSLC (Solar Pleated for Flat Roof),FSLC 2270,FSLC 2270,2270,800.0
Blinds FSLC (Solar Pleated for Flat Roof),FSLC 3030,FSLC 3030,3030,763.0
Blinds FSLC (Solar Pleated for Flat Roof),FSLC 3046,FSLC 3046,3046,793.0
Blinds FSLC (Solar Pleated for Flat Roof),FSLC 3434,FSLC 3434,3434,770.0
Blinds FSLC (Solar Pleated for Flat Roof),FSLC 3446,FSLC 3446,3446,808.0
Blinds FSLC (Solar Pleated for Flat Roof),FSLC 4622,FSLC 4622,4622,830.0
Blinds FSLC (Solar Pleated for Flat Roof),FSLC 4646,FSLC 4646,4646,875.0
Blinds FSLD (Solar Pleated for Fixed Pitched),FSLD C01,FSLD C01,C01,710.0
Blinds FSLD (Solar Pleated for Fixed Pitched),FSLD C04,FSLD C04,C04,718.0
Blinds FSLD (Solar Pleated for Fixed Pitched),FSLD C08,FSLD C08,C08,741.0
Blinds FSLD (Solar Pleated for Fixed Pitched),FSLD M02,FSLD M02,M02,749.0
Blinds FSLD (Solar Pleated for Fixed Pitched),FSLD M04,FSLD M04,M04,772.0
Blinds FSLD (Solar Pleated for Fixed Pitched),FSLD M06,FSLD M06,M06,780.0
Blinds FSLD (Solar Pleated for Fixed Pitched),FSLD M08,FSLD M08,M08,788.0
Blinds FSLD (Solar Pleated for Fixed Pitched),FSLD S01,FSLD S01,S01,780.0
Blinds FSLD (Solar Pleated for Fixed Pitched),FSLD S06,FSLD S06,S06,811.0
Blinds FSLH (Solar Pleated for Opening Pitched),FSLH C04,FSLH C04,C04,718.0
Blinds FSLH (Solar Pleated for Opening Pitched),FSLH C08,FSLH C08,C08,741.0
Blinds FSLH (Solar Pleated for Opening Pitched),FSLH M02,FSLH M02,M02,749.0
Blinds FSLH (Solar Pleated for Opening Pitched),FSLH M04,FSLH M04,M04,772.0
Blinds FSLH (Solar Pleated for Opening Pitched),FSLH M06,FSLH M06,M06,780.0
Blinds FSLH (Solar Pleated for Opening Pitched),FSLH M08,FSLH M08,M08,788.0
Blinds FSLH (Solar Pleated for Opening Pitched),FSLH S01,FSLH S01,S01,780.0
Blinds FSLH (Solar Pleated for Opening Pitched),FSLH S06,FSLH S06,S06,811.0
Roof Windows Triple Glazing (GGU 0066),GGU CK04 0066,GGU CK04 0066,CK04,1401.0
Roof Windows Triple Glazing (GGU 0066),GGU MK04 0066,GGU MK04 0066,MK04,1498.0
Roof Windows Triple Glazing (GGU 0066),GGU MK08 0066,GGU MK08 0066,MK08,1692.0
Roof Windows Triple Glazing (GGU 0066),GGU SK06 0066,GGU SK06 0066,SK06,1946.0
Roof Windows Double Glazing (GGU 0076F),GGU CK02 0076F,GGU CK02 0076F,CK02,920.0
Roof Windows Double Glazing (GGU 0076F),GGU CK04 0076F,GGU CK04 0076F,CK04,992.0
Roof Windows Double Glazing (GGU 0076F),GGU MK04 0076F,GGU MK04 0076F,MK04,1089.0
Roof Windows Double Glazing (GGU 0076F),GGU MK06 0076F,GGU MK06 0076F,MK06,1210.0
Roof Windows Double Glazing (GGU 0076F),GGU MK08 0076F,GGU MK08 0076F,MK08,1283.0
Roof Windows Double Glazing (GGU 0076F),GGU SK06 0076F,GGU SK06 0076F,SK06,1537.0
Roof Windows Double Glazing (GGU 0076F),GGU SK08 0076F,GGU SK08 0076F,SK08,1755.0
Flat Roof Manual (VCM),VCM 2222,VCM 2222,2222,1587.0
Flat Roof Manual (VCM),VCM 2234,VCM 2234,2234,1712.0
Flat Roof Manual (VCM),VCM 2246,VCM 2246,2246,1783.0
Flat Roof Manual (VCM),VCM 3030,VCM 3030,3030,1747.0
Flat Roof Manual (VCM),VCM 3046,VCM 3046,3046,1952.0
Flat Roof Manual (VCM),VCM 4646,VCM 4646,4646,2095.0
Flat Roof Solar (VCS),VCS 2222,VCS 2222,2222,2765.0
Flat Roof Solar (VCS),VCS 2234,VCS 2234,2234,2852.0
Flat Roof Solar (VCS),VCS 2246,VCS 2246,2246,2910.0
Flat Roof Solar (VCS),VCS 3030,VCS 3030,3030,2881.0
Flat Roof Solar (VCS),VCS 3046,VCS 3046,3046,3056.0
Flat Roof Solar (VCS),VCS 4622,VCS 4622,4622,2910.0
Flat Roof Solar (VCS),VCS 4646,VCS 4646,4646,3163.0
Pitched Roof Manual (VS),VS C04,VS C04,C04,1367.0
Pitched Roof Manual (VS),VS C08,VS C08,C08,1456.0
Pitched Roof Manual (VS),VS M02,VS M02,M02,1471.0
Pitched Roof Manual (VS),VS M04,VS M04,M04,1486.0
Pitched Roof Manual (VS),VS M06,VS M06,M06,1560.0
Pitched Roof Manual (VS),VS M08,VS M08,M08,1649.0
Pitched Roof Manual (VS),VS S01,VS S01,S01,1531.0
Pitched Roof Manual (VS),VS S06,VS S06,S06,1694.0
Pitched Roof Electric (VSE),VSE C04,VSE C04,C04,2443.0
Pitched Roof Electric (VSE),VSE C08,VSE C08,C08,2470.0
Pitched Roof Electric (VSE),VSE M04,VSE M04,M04,2525.0
Pitched Roof Electric (VSE),VSE M06,VSE M06,M06,2580.0
Pitched Roof Electric (VSE),VSE M08,VSE M08,M08,2690.0
Pitched Roof Electric (VSE),VSE S01,VSE S01,S01,2580.0
Pitched Roof Electric (VSE),VSE S06,VSE S06,S06,2718.0
Pitched Roof Solar (VSS),VSS C04,VSS C04,C04,2668.0
Pitched Roof Solar (VSS),VSS C08,VSS C08,C08,2695.0
Pitched Roof Solar (VSS),VSS M02,VSS M02,M02,2723.0
Pitched Roof Solar (VSS),VSS M04,VSS M04,M04,2750.0
Pitched Roof Solar (VSS),VSS M06,VSS M06,M06,2805.0
Pitched Roof Solar (VSS),VSS M08,VSS M08,M08,2915.0
Pitched Roof Solar (VSS),VSS S01,VSS S01,S01,2805.0
Pitched Roof Solar (VSS),VSS S06,VSS S06,S06,2943.0
Sun Tunnels,TCR 014,TCR Flat Roof Sun Tunnel,014,1004.0
Sun Tunnels,TWF 0K14,TWF Flexible Sun Tunnel,0K14,626.0
Sun Tunnels,TWR 0K14,TWR Rigid Sun Tunnel,0K14,881.0
Sun Tunnels,ZTR 0K14,ZTR Rigid Extension,0K14,287.0
Accessories ZZZ 199 Blind Trays,ZZZ 199 2222B,ZZZ 199 2222B,2222,198.0
Accessories ZZZ 199 Blind Trays,ZZZ 199 2230B,ZZZ 199 2230B,2230,210.0
Accessories ZZZ 199 Blind Trays,ZZZ 199 2234B,ZZZ 199 2234B,2234,215.0
Accessories ZZZ 199 Blind Trays,ZZZ 199 2246B,ZZZ 199 2246B,2246,236.0
Accessories ZZZ 199 Blind Trays,ZZZ 199 2270B,ZZZ 199 2270B,2270,297.0
Accessories ZZZ 199 Blind Trays,ZZZ 199 3030B,ZZZ 199 3030B,3030,248.0
Accessories ZZZ 199 Blind Trays,ZZZ 199 3046B,ZZZ 199 3046B,3046,267.0
Accessories ZZZ 199 Blind Trays,ZZZ 199 3434B,ZZZ 199 3434B,3434,257.0
Accessories ZZZ 199 Blind Trays,ZZZ 199 3446B,ZZZ 199 3446B,3446,276.0
Accessories ZZZ 199 Blind Trays,ZZZ 199 4622B,ZZZ 199 4622B,4622,236.0
Accessories ZZZ 199 Blind Trays,ZZZ 199 4646B,ZZZ 199 4646B,4646,307.0
