MITRE 10 SKU,VELUX CODE
4484804,GGL CK02
4484812,GGL CK04
4484820,GGL MK08
6728513,FSCC 2222
7551328,FSCC 2230
6728521,FSCC 2234
7551336,FSCC 2270
6728547,FSCC 3030
7551344,FSCC 3434
7551351,FSCC 3446
6728570,FSCC 4646
6728588,FSCD C01
6728596,FSCD C04
6728604,FSCD C06
6728612,FSCD C08
6728620,FSCD M02
6728638,FSCD M04
6728646,FSCD M06
6728653,FSCD M08
6728661,FSCD S01
6728679,FSCD S06
6728687,FSCH C01
6728695,FSCH C04
6728703,FSCH C06
6728711,FSCH C08
6728729,FSCH M02
6728737,FSCH M04
6728745,FSCH M06
6728752,FSCH M08
6728760,FSCH S01
6728778,FSCH S06
6728539,FSCC 2246
6728554,FSCC 3046
6728562,FSCC 4622
7551369,FSLD C01
7551377,FSLD C04
7551385,FSLD C06
7551393,FSLD C08
7551401,FSLD M02
7551419,FSLD M04
7551427,FSLD M06
7551435,FSLD M08
7551443,FSLD S01
7551450,FSLD S06
7551468,FSLH C01
7551476,FSLH C04
7551500,FSLH M02
7551518,FSLH M04
7551559,FSLH S06
7551484,FSLH C06
7551492,FSLH C08
7551526,FSLH M06
7551534,FSLH M08
7551542,FSLH S01
4483426,ZIL CK06
4483434,ZIL MK10
4219184,ZCT 300
4246245,ZOZ 032
7551567,ZZZ 199 2222 B
7551575,ZZZ 199 2230 B
7551583,ZZZ 199 2234 B
7551591,ZZZ 199 2246 B
7551609,ZZZ 199 2270 B
7551617,ZZZ 199 3030 B
7551625,ZZZ 199 3046 B
7551633,ZZZ 199 3434 B
7551641,ZZZ 199 3446 B
6728869,KLA 300
7551203,EDW C06
7551211,EDW C08
7551260,EDW CK02
7551278,EDW CK04
7551229,EDW M02
7551237,EDW M04
7551286,EDW MK04
7551294,EDW MK06
7551302,EDW MK08
7551245,EDW S01
7551252,EDW S06
7551310,EDW SK06
7551187,EDL M08
7551195,EDL S06
6728877,KLF 200
6728851,KIX 300
4219168,ZZZ 201
7551658,ZZZ 212
4287397,TWR 0K14
4285623,ZTR 0K14
5220025,EDW M06
5220033,EDW M08
7551666,KLI 310
6728794,GGL SK06
6728786,GGL MK04
6728844,GPL SK06
6728802,GPL CK04
6728828,GPL MK06
6728836,GPL MK08
6728810,GPL MK04
6729040,VSE C06
4678132,FCM 1430
4485009,FCM 2222
3212115,FCM 2234
3874849,FCM 2246
4485017,FCM 2270
4532768,FCM 3030
4485025,FCM 3046
4485033,FCM 4646
6728323,FCM 2230
6728349,FCM 3446
6728331,FCM 3434
6728505,FS M02
5553953,EDW C01
5553979,EDW C04
4286969,FS C01
4219135,FS C04
4687786,FS C06
4246203,FS C08
4485041,FS M04
4485058,FS M06
4485066,FS M08
4485074,FS S01
4219119,FS S06
6728935,VCM 4646
6728901,VCM 2246
6728885,VCM 2222
6728893,VCM 2234
6728927,VCM 3046
6728919,VCM 3030
6729016,VS C06
6729024,VS C08
6729032,VS M02
6729008,VCS 4646
6728992,VCS 4622
6728968,VCS 2246
6728943,VCS 2222
6728950,VCS 2234
6728984,VCS 3046
6728976,VCS 3030
6729149,VSS S06
6729131,VSS S01
6729073,VSS C06
6729081,VSS C08
6729057,VSS C01
6729065,VSS C04
6729115,VSS M06
6729123,VSS M08
6729099,VSS M02
6729107,VSS M04
4246229,VS C01
4485124,VS C04
4485132,VS M04
4485140,VS M06
4485157,VS M08
4485165,VS S01
4246237,VS S06
4485215,VSE C01
4417424,VSE C04
4485223,VSE C08
4485231,VSE M04
4485249,VSE M06
4485256,VSE M08
4485264,VSE S01
4485272,VSE S06
3281979,TWF 0K14
