REECE CODE,VELUX CODE
1228840,FCM 1430
1228830,FCM 2222
1229331,FCM 2230
1228831,FCM 2234
1228832,FCM 2246
1228833,FCM 2270
1228834,FCM 3030
1228835,FCM 3046
1228837,FCM 3072
1229332,FCM 3434
1229333,FCM 3446
1228836,FCM 4646
1228455,FS C01
1228456,FS C04
1229334,FS C06
1228461,FS C08
1229335,FS M02
1228457,FS M04
1228462,FS M06
1228458,FS M08
1228459,FS S01
1228460,FS S06
1229339,GGL MK08
1229341,GPL CK04
1229342,GPL MK04
1229343,GPL MK06
1229344,GPL MK08
1229349,TWF 0K14
1229350,TWR 0K14
1229351,VCM 2222
1229352,VCM 2234
1229353,VCM 2246
1229354,VCM 3030
1229355,VCM 3046
1229356,VCM 4646
1229357,VCS 2222
1229358,VCS 2234
1229359,VCS 2246
1229360,VCS 3030
1229361,VCS 3046
1229362,VCS 4622
1229363,VCS 4646
1229364,VS C01
1229365,VS C04
1229366,VS C06
1229367,VS C08
1229368,VS M02
1228413,VS M04
1228414,VS M06
1228415,VS M08
1228416,VS S01
1228417,VS S06
1228418,VSE C01
1228419,VSE C04
1229369,VSE C06
1228420,VSE C08
1228421,VSE M04
1228422,VSE M06
1228423,VSE M08
1228424,VSE S01
1228425,VSE S06
1229370,VSS C01
1229371,VSS C04
1229372,VSS C06
1229373,VSS C08
1229374,VSS M02
1229375,VSS M04
1229376,VSS M06
1229377,VSS M08
1229378,VSS S01
1229379,VSS S06
1229383,ZTR 0K14
1228799,ZZZ 201B
